#SampleID,BarcodeSequence,LinkerPrimerSequence,Site,Graztrt,Outlier,SoilPpct,SoilNpct_NN,Bulk_Density,Clay,Silt,Sand,pH_H2O,S_Plot,New_P_noBD,New_P,New_P_pct,AMF_NLFA_noBD,AMF_NLFA,TotCappm_noBD,TotCappm,TotFeppm_noBD,TotFeppm,FetoP,Rainfall_GPM,Rainfall,SoilNpct_noBD,SoilNpct,SOM_2012_noBD,SOM_2012,SOM,SoilNtoP,NN_Month,Block,NN_plot,NN_Subplot,N,P,K,exclosure,Description
BAL1,ATGGCTGTCAGT,CC,BAL,G,N,0.007540000000000001,0.00732,1.472,6.37184,20.71186,72.9163,6.61,3.1565677975999997,348.32,512.72704,0.051272704,20.74,30.52928,1411.789750975,2078.1545134352,5151.9944242,7583.7357924224,14.790980776900001,851.1525300000001,710.0,0.14,0.20608,5.907,8.695103999999999,0.04,0.00040192930000000003,,,,,,,,,BAL_BAL1
BAL2,TTGGCTCTATTC,CC,BAL,UG,N,0.00865,0.00702,1.391,5.487664,18.130596,76.38174000000001,6.84,1.0174061496,310.93,432.50363,0.043250363,28.92,40.22772,1582.221659264,2200.8703280362,4455.325605279199,6197.3579169434,14.3290309886,851.1525300000001,710.0,0.21,0.29211,5.457999999999999,7.592078,0.04,0.0006753932000000001,,,,,,,,,BAL_BAL2
BAL3,AATTGTGTCGGA,CC,BAL,G,Y,0.00911,0.00765,1.5230000000000001,12.6294,35.5362,51.8344,6.74,1.5521965616,471.89,718.68847,0.071868847,13.29,20.24067,2090.874281194,3184.4015302585,6659.766363184101,10142.8241711294,14.1129635364,851.1525300000001,710.0,0.13,0.19799,7.398,11.267154,0.05,0.0002754879,,,,,,,,,BAL_BAL3
BAL4,GCAACACCATCC,CC,BAL,G,Y,0.01121,0.00728,1.389,11.0259,35.5454,53.4287,6.7,0.48261573770000005,573.56,796.67484,0.07966748400000001,17.84,24.77976,2319.7376689034,3222.1156221068,7580.2683218799,10528.9926990912,13.2161732371,851.1525300000001,710.0,0.3,0.4167,7.457999999999999,10.359162,0.06,0.000523049,,,,,,,,,BAL_BAL4
BAL5,TACGAGCCCTAA,CC,BAL,UG,Y,0.01138,0.008579999999999999,1.301,11.7461,36.8349,51.419,6.48,-0.5869650863,585.6141788256,761.8840466521001,0.07618840466521,20.77,27.02177,2036.1706112349,2649.0579652166,6006.185902179201,7814.0478587351,10.2562166685,851.1525300000001,710.0,0.14,0.18214,7.692,10.007292,0.06,0.00023906520000000002,,,,,,,,,BAL_BAL5
BAL6,CATTCGTGGCGT,CC,BAL,UG,Y,0.01105,0.008790000000000001,1.294,11.1751,35.5067,53.3182,6.67,0.48261573770000005,563.56,729.2466400000001,0.072924664,36.83,47.65802,1905.6666520573,2465.9326477622,6021.004630416701,7791.179991759201,10.6838750628,851.1525300000001,710.0,0.25,0.3235,7.329,9.483725999999999,0.05,0.00044360849999999997,,,,,,,,,BAL_BAL6
BRS1,GCATATGCACTG,CC,BRS,UG,N,0.008440000000000001,0.02535,1.012,24.1892,60.3826,15.4282,6.67,-1.1217554983,5485.33,5551.153960000001,0.555115396,47.75,48.323,20099.5361790026,20340.7306131506,19361.7447425064,19594.085679416497,3.5297319838,662.40002,498.0,0.21,0.21252,15.360999999999999,15.545332,0.13,3.82839318691856e-05,,,,,,,,,BRS_BRS1
BRS2,TAATACGGATCG,CC,BRS,G,N,0.008709999999999999,0.0337,1.1340000000000001,24.9212,55.1786,19.9002,7.53,-0.9880578953,5454.72,6185.65248,0.618565248,44.03,49.93002,18066.5779234694,20487.4993652143,23446.8247920408,26588.6993141743,4.2984469949,662.40002,498.0,0.36,0.40824,17.101,19.392534,0.14,6.59978880675818e-05,,,,,,,,,BRS_BRS2
BRS3,CATCCCTCTACT,CC,BRS,G,N,0.00923,0.0254,1.062,25.7275,54.8276,19.4449,7.42,-0.5869650863,5621.99,5970.553379999999,0.597055338,58.8,62.4456,17176.848404787,18241.8130058838,22088.7787366416,23458.2830183134,3.9289964473000003,662.40002,498.0,0.32,0.33984000000000003,16.840999999999998,17.885142000000002,0.14,5.691934706394e-05,,,,,,,,,BRS_BRS3
BRS4,CCACAGATCGAT,CC,BRS,G,N,0.00763,0.0274,1.213,24.9684,49.0942,25.9374,8.11,-0.7206626893000001,5972.91,7245.13983,0.7245139829999999,63.89,77.49857,19275.7433905152,23381.476732694904,25342.932609648702,30740.9772555039,4.2429791525,662.40002,498.0,0.33,0.40029000000000003,15.927999999999999,19.320664,0.14,5.52494512724953e-05,,,,,,,,,BRS_BRS4
BRS5,TAGTATGCGCAA,CC,BRS,UG,N,0.010759999999999999,0.0278,1.079,21.9604,54.8194,23.2202,7.87,-1.3891507043,5464.37,5896.05523,0.589605523,66.24,71.47296,19214.347173718,20732.2806004417,21316.0333384615,22999.9999722,3.9009132505,662.40002,498.0,0.19,0.20501,16.016,17.281264,0.13,3.4770705497614505e-05,,,,,,,,,BRS_BRS5
BRS6,AGCAGAACATCT,CC,BRS,UG,N,0.01097,0.0291,0.9890000000000001,26.7983,57.1416,16.0601,8.12,-1.7902435133,5596.37,5534.809929999999,0.553480993,68.82,68.06298000000001,18035.403279589398,17837.013843513898,21061.2040861836,20829.5308412356,3.7633687705,662.40002,498.0,0.14,0.13846,16.009,15.832901000000001,0.13,2.50162158685005e-05,,,,,,,,,BRS_BRS6
KCW1,ACCGGTATGTAC,CC,KCW,G,N,0.00095,0.01756,1.298,7.265569999999999,22.54283,70.1916,7.03,2.2206845766,98.92,128.39816000000002,0.012839816,9.97,12.94106,1506.1866059079998,1955.0302144685998,4116.3988184019,5343.0856662857,41.6134130449,1142.7915,766.0,0.27,0.35046,9.245,12.000010000000001,0.08,0.0027294784,,,,,,,,,KCW_KCW1
KCW2,CAAACAACAGCT,CC,KCW,G,N,0.00119,0.0117,1.246,8.193010000000001,24.18839,67.6186,6.93,0.6163133406,92.98,115.85308,0.011585308,1.97,2.4546200000000002,2321.9565971913003,2893.1579201003997,7166.832973365601,8929.8738848135,77.0792963365,1142.7915,766.0,0.22,0.27412,10.661,13.283605999999999,0.08,0.0023661002,,,,,,,,,KCW_KCW2
KCW3,TTGCGTTAGCAG,CC,KCW,UG,N,0.00146,0.0168,1.348,9.047939999999999,25.72936,65.2227,6.93,0.8837085466,13.15,17.7262,0.00177262,9.85,13.2778,2571.6882554135,3466.6357682974,7347.2797962907,9904.1331653999,558.7285016191,1142.7915,766.0,0.26,0.35048,12.642999999999999,17.042764000000002,0.08,0.019771863100000002,,,,,,,,,KCW_KCW3
KCW4,TGTGAATTCGGA,CC,KCW,UG,N,0.00095,0.01704,1.187,7.58798,23.728720000000003,68.6833,6.93,1.1511037526,112.07,133.02709,0.013302709,9.4,11.1578,2038.9351380964001,2420.2160089204,5436.4334650602,6453.0465230265,48.5092662181,1142.7915,766.0,0.22,0.26114,8.83,10.48121,0.07,0.0019630588,,,,,,,,,KCW_KCW4
KCW5,AGTTGAGGCATT,CC,KCW,UG,N,0.00117,0.010159999999999999,1.288,8.93759,27.029009999999996,64.0334,6.93,0.21522053170000002,114.25,147.154,0.0147154,17.92,23.08096,2372.5639848101,3055.8624124353996,8574.2370835443,11043.6173636051,75.0480269894,1142.7915,766.0,0.17,0.21896,12.822000000000001,16.514736,0.09,0.001487965,,,,,,,,,KCW_KCW5
KCW6,GATTCCGGCTCA,CC,KCW,G,N,0.00105,0.01526,1.365,7.09311,25.39149,67.5154,6.69,0.7500109436,31.46,42.9429,0.00429429,16.96,23.1504,1711.7581751269,2336.5499090482,4736.6384150254,6465.5114365097,150.5606616346,1142.7915,766.0,0.18,0.2457,7.181,9.802064999999999,0.06,0.0057215512,,,,,,,,,KCW_KCW6
KUH1,TACAGCGCATAC,CC,KUH,UG,N,0.00099,0.01084,0.941,10.5809,31.4629,57.9562,6.36,0.3489181347,128.68074441459999,121.0885804941,0.012108858049409999,10.23,9.626430000000001,1975.297125969,1858.7545955368,5073.446009199,4774.1126946563,39.4266137663,1142.7915,779.0,0.11,0.10350999999999999,8.745,8.229045,0.06,0.0008548288,,,,,,,,,KUH_KUH1
KUH2,CAGCTCATCAGC,CC,KUH,G,N,0.001,0.00982,0.968,9.79433,29.88407,60.3216,6.43,1.0174061496,119.43,115.60824,0.011560823999999999,12.22,11.82896,1714.4040512195002,1659.5431215805,4484.1535658537,4340.6606517464,37.5462912656,1142.7915,779.0,0.07,0.06776,8.421,8.151527999999999,0.06,0.0005861174,,,,,,,,,KUH_KUH2
KUH3,CAACTCCCGTGA,CC,KUH,G,N,0.00125,0.00842,1.145,12.6317,35.0622,52.3061,6.43,0.3489181347,149.18,170.8111,0.01708111,8.95,10.24775,1692.7134101464,1938.1568546176002,5502.7314341464,6300.6274920976,36.886522550900004,1142.7915,779.0,0.14,0.1603,7.37,8.43865,0.05,0.0009384636,,,,,,,,,KUH_KUH3
KUH4,TCGGAATTAGAC,CC,KUH,UG,N,0.00123,0.011640000000000001,1.03,11.3726,35.7373,52.8901,5.76,-0.3195698803,118.7497928932,122.31228668,0.012231228668,7.23,7.4469,1828.1168722464001,1882.9603784138,4910.8604150725,5058.1862275246995,41.354686146599995,1142.7915,779.0,0.23,0.2369,7.062,7.273860000000001,0.05,0.0019368455,,,,,,,,,KUH_KUH4
KUH5,TATACCGCTGCG,CC,KUH,G,N,0.0012699999999999999,0.01175,1.1640000000000001,8.014569999999999,34.223729999999996,57.7617,6.24,0.21522053170000002,91.04,105.97056,0.010597056,9.67,11.25588,1509.5340660826998,1757.0976529202999,2998.3207495864003,3490.0453525186,32.9341031369,1142.7915,779.0,0.13,0.15132,7.149,8.321436,0.06,0.0014279438000000002,,,,,,,,,KUH_KUH5
KUH6,TATCGACACAAG,CC,KUH,UG,N,0.0011,0.01341,0.889,9.81798,42.31602,47.86600000000001,6.49,0.3221786141,108.5879868368,96.53472029790001,0.00965347202979,5.4,4.8006,1975.4185475000002,1756.1470887275,3722.1255835577003,3308.9696437828,34.277507963699996,1142.7915,779.0,0.1,0.0889,7.787999999999999,6.923532000000001,0.05,0.0009209122,,,,,,,,,KUH_KUH6
MSB1,AGTAGCGGAAGA,CC,MSB,G,N,0.013680000000000001,0.009609999999999999,1.0959999999999999,22.9135,57.1262,19.9603,6.0,-0.8543602923,1931.98,2117.45008,0.211745008,2.78,3.04688,4068.0828280583,4458.6187795519,17110.8956823301,18753.5416678338,8.856662948,1039.17334,891.0,0.08,0.08768,14.100999999999999,15.454695999999998,0.1,4.14082961521341e-05,,,,,,,,,MSB_MSB1
MSB2,TCCTCGAGCGAT,CC,MSB,UG,N,0.01183,0.00943,0.987,23.7922,59.4091,16.7987,6.28,-0.8543602923,2104.86,2077.49682,0.207749682,1.05,1.03635,4042.7367044371003,3990.1811272794002,20568.5705008388,20301.1790843279,9.7719423149,1039.17334,891.0,0.07,0.06909,11.695,11.542964999999999,0.1,3.32563685945859e-05,,,,,,,,,MSB_MSB2
MSB3,TTAGAGCCATGC,CC,MSB,G,N,0.01256,0.009290000000000001,1.11,22.5132,59.7086,17.7782,6.05,-0.7206626893000001,1747.33,1939.5363,0.19395363,4.33,4.8063,3272.0657939902003,3631.9930313290997,16838.8273460099,18691.098354071,9.6368901959,1039.17334,891.0,0.31,0.3441,10.249,11.376389999999999,0.08,0.0001774135,,,,,,,,,MSB_MSB3
MSB4,TCGTGCGTGTTG,CC,MSB,UG,N,0.01207,0.01345,1.02,22.2499,56.0918,21.6583,6.6,-1.1217554983,1907.52,1945.6704,0.19456704,5.03,5.1306,3353.624059495,3420.6965406849,15888.932189697,16206.7108334909,8.329628098099999,1039.17334,891.0,0.18,0.1836,10.179,10.38258,0.07,9.43633618520382e-05,,,,,,,,,MSB_MSB4
MSB5,TTAAGACAGTCG,CC,MSB,UG,N,0.01174,0.00915,1.034,21.9227,58.7254,19.3519,6.45,-0.5869650863,1634.73,1690.31082,0.169031082,3.33,3.4432199999999997,4062.4165245802,4200.5386864159,15551.1911615267,16079.931661018602,9.5130028577,1039.17334,891.0,0.03,0.03102,14.415999999999999,14.906144,0.11,1.83516544016443e-05,,,,,,,,,MSB_MSB5
MSB6,GTGCAACCAATC,CC,MSB,G,N,0.01296,0.010879999999999999,1.102,21.795,61.0449,17.1601,6.45,-0.5869650863,1998.29,2202.11558,0.220211558,5.21,5.74142,3564.2567202072996,3927.8109056685,18579.834133886,20474.9772155424,9.297866743,1039.17334,891.0,0.15,0.1653,10.299000000000001,11.349497999999999,0.08,7.506417987379209e-05,,,,,,,,,MSB_MSB6
SOT1,TGTCGCAAATAG,CC,SOT,G,N,0.01102,0.01784,1.128,23.195,45.0364,31.7686,7.86,-0.4532674833,5247.36,5919.02208,0.5919022079999999,67.82,76.50095999999999,14131.2125288753,15940.0077325713,19490.682733300702,21985.4901231632,3.7143787987,662.40002,537.0,0.1,0.1128,9.471,10.683288000000001,0.11,1.90572020978168e-05,,,,,,,,,SOT_SOT1
SOT2,GTGTTGTCGTGC,CC,SOT,UG,N,0.00643,0.02022,1.047,26.6413,54.0701,19.2886,7.86,-0.7206626893000001,4212.69,4410.68643,0.441068643,66.76,69.89771999999999,22709.583679689902,23776.9341126353,15637.233029250601,16372.182981625401,3.7119353737000003,662.40002,537.0,0.09,0.09423,12.27,12.846689999999999,0.12,2.1364e-05,,,,,,,,,SOT_SOT2
SOT3,GTGGTGGTTTCC,CC,SOT,G,N,0.0069299999999999995,0.02231,1.032,22.2663,51.2479,26.4858,7.74,-0.1858722773,5129.53,5293.67496,0.529367496,52.26,53.93232,14748.1711999755,15220.1126783747,17129.212232548998,17677.347023990602,3.3393336685,662.40002,537.0,0.06,0.06192,11.005999999999998,11.358191999999999,0.1,1.1697e-05,,,,,,,,,SOT_SOT3
SOT4,TGTAACGCCGAT,CC,SOT,G,N,0.006520000000000001,0.0185,0.998,24.4028,51.4973,24.0999,7.97,-0.4532674833,4350.46,4341.75908,0.43417590799999994,39.46,39.38108,15097.728164798998,15067.5327084694,15431.2710058291,15400.408463817399,3.5470435324,662.40002,537.0,0.15,0.1497,11.110999999999999,11.088778,0.11,3.4479112553615e-05,,,,,,,,,SOT_SOT4
SOT5,ATCCTTTGGTTC,CC,SOT,UG,N,0.0072,0.02048,0.976,25.6021,53.9989,20.399,8.06,-1.1217554983,4272.93,4170.37968,0.417037968,70.81,69.11055999999999,16109.9007340047,15723.263116388602,21555.717563981,21038.3803424455,5.044715818899999,662.40002,537.0,0.14,0.13664,13.777000000000001,13.446352,0.11,3.27644028804591e-05,,,,,,,,,SOT_SOT5
SOT6,GATCTGCGATCC,CC,SOT,UG,N,0.006229999999999999,0.020069999999999998,1.0190000000000001,27.5827,54.6671,17.7502,7.32,-0.5869650863,4506.4,4592.0216,0.45920216,70.92,72.26748,13842.4964048775,14105.5038365702,17129.212232548998,17454.6672649674,3.8010856187999997,662.40002,537.0,0.09,0.09171,13.104000000000001,13.352976000000002,0.09,1.99715959524232e-05,,,,,,,,,SOT_SOT6
TOG1,ACAATAGACACC,CC,TOG,G,N,0.01102,0.01784,1.5319999999999998,11.5171,35.6489,52.833999999999996,6.1,0.48261573770000005,710.8,1088.9456,0.10889456,25.78,39.49496,2179.712913701,3339.3201837899,5392.7353658823995,8261.6705805318,7.5868533566,851.1525300000001,676.0,0.04,0.061279999999999994,7.115,10.90018,0.05,5.6274620146314004e-05,,,,,,,,,TOG_TOG1
TOG2,CGTAATTGCCGC,CC,TOG,G,Y,0.00643,0.02022,1.474,12.4496,38.7644,48.786,6.69,0.8837085466,903.06,1331.11044,0.133111044,30.62,45.13388,2339.705165985,3448.7254146619002,7240.0069009476,10671.7701719968,8.0171936537,851.1525300000001,676.0,0.1,0.1474,6.917000000000001,10.195658,0.06,0.00011073459999999999,,,,,,,,,TOG_TOG2
TOG3,GTTCTCTTCTCG,CC,TOG,UG,N,0.0069299999999999995,0.02231,1.455,12.3163,40.2359,47.4478,6.45,-0.3195698803,783.94,1140.6327,0.11406327,39.25,57.10875,2341.3312167327,3406.6369203461,5930.9428762376,8629.5218849257,7.5655571552,851.1525300000001,676.0,0.1,0.1455,7.858,11.43339,0.05,0.0001275608,,,,,,,,,TOG_TOG3
TOG4,GATCCCACGTAC,CC,TOG,UG,N,0.006520000000000001,0.0185,1.287,14.0229,42.1438,43.8333,6.54,-0.052174674299999994,784.06,1009.0852199999999,0.10090852199999999,34.89,44.90343,2029.6756135660999,2612.1925146596,6045.246015760601,7780.2316222839,7.7101829143,851.1525300000001,676.0,0.28,0.36036,6.94,8.93178,0.04,0.00035711550000000003,,,,,,,,,TOG_TOG4
TOG5,TACCGCTTCTTC,CC,TOG,G,N,0.007209999999999999,0.02048,1.296,12.6539,38.8877,48.4584,6.54,0.6163133406,1066.39,1382.04144,0.138204144,38.13,49.41648,3032.0458855340003,3929.5314676521,8637.3041114563,11193.9461284474,8.0995734313,851.1525300000001,676.0,0.21,0.27216,6.733,8.725968,0.06,0.0001969261,,,,,,,,,TOG_TOG5
TOG6,GCACACCTGATA,CC,TOG,UG,N,0.006229999999999999,0.020069999999999998,1.436,13.7831,43.9115,42.3054,6.17,-0.3195698803,861.4378560652001,1237.0247613096,0.12370247613096001,40.93,58.77548,2850.2879574607,4093.0135069136,7046.205882199,10118.3516468378,8.1795869924,851.1525300000001,676.0,0.14,0.20104,7.8,11.2008,0.06,0.000162519,,,,,,,,,TOG_TOG6
